{"cameraMode":{"drawMode":0,"name":"Shaded","section":"Shading Mode"},"sceneLighting":true,"audioPlay":false,"sceneViewState":{"m_AlwaysRefresh":false,"showFog":true,"showSkybox":true,"showFlares":true,"showImageEffects":true,"showParticleSystems":true,"showVisualEffectGraphs":true,"m_FxEnabled":true},"in2DMode":false,"pivot":{"x":-19.394489288330079,"y":3.3784523010253908,"z":59.6937141418457},"rotation":{"x":0.13284757733345033,"y":-0.15894685685634614,"z":0.021589109674096109,"w":0.9780706167221069},"size":27.996150970458986,"orthographic":true}