{"cameraMode":{"drawMode":0,"name":"Shaded","section":"Shading Mode"},"sceneLighting":true,"audioPlay":false,"sceneViewState":{"m_AlwaysRefresh":false,"showFog":true,"showSkybox":true,"showFlares":true,"showImageEffects":true,"showParticleSystems":true,"showVisualEffectGraphs":true,"m_FxEnabled":true},"in2DMode":false,"pivot":{"x":-46.40746307373047,"y":1.5858904123306275,"z":48.1329231262207},"rotation":{"x":0.17452114820480348,"y":-0.03069799765944481,"z":0.005466478876769543,"w":0.9841951727867127},"size":7.666630744934082,"orthographic":true}