{"cameraMode":{"drawMode":0,"name":"Shaded","section":"Shading Mode"},"sceneLighting":true,"audioPlay":false,"sceneViewState":{"m_AlwaysRefresh":false,"showFog":true,"showSkybox":false,"showFlares":true,"showImageEffects":true,"showParticleSystems":true,"showVisualEffectGraphs":true,"m_FxEnabled":true},"in2DMode":false,"pivot":{"x":-0.9296917915344238,"y":2.5216026306152345,"z":-1.0671501159667969},"rotation":{"x":0.01487596146762371,"y":0.12803131341934205,"z":-0.0019206085707992316,"w":0.9916564226150513},"size":9.914507865905762,"orthographic":false}